,user_id,session_duration,cart_value,checkout_step_reached,abandoned,device_type,promo_applied
0,1,9,448.73,Review,Yes,Tablet,No
1,2,26,368.15,Review,Yes,Desktop,Yes
2,3,8,246.72,Review,Yes,Tablet,Yes
3,4,5,361.84,Review,Yes,Desktop,No
4,5,3,87.98,Completed,No,Tablet,Yes
5,6,6,100.39,Completed,No,Desktop,No
6,7,23,51.75,Completed,No,Desktop,Yes
7,8,22,105.7,Completed,No,Mobile,No
8,9,26,127.01,Completed,No,Mobile,No
9,10,8,168.66,Completed,No,Desktop,Yes
10,11,5,58.97,Completed,No,Mobile,Yes
11,12,22,167.12,Completed,No,Mobile,No
12,13,27,101.23,Completed,No,Mobile,Yes
13,14,11,295.89,Shipping,Yes,Mobile,Yes
14,15,15,237.42,Review,Yes,Tablet,No
15,16,16,178.74,Shipping,Yes,Desktop,Yes
16,17,3,464.98,Review,Yes,Desktop,No
17,18,17,180.98,Completed,No,Desktop,Yes
18,19,25,423.24,Completed,No,Mobile,Yes
19,20,14,190.75,Completed,No,Tablet,No
20,21,7,193.29,Payment,Yes,Mobile,Yes
21,22,21,131.52,Completed,No,Mobile,No
22,23,5,346.07,Completed,No,Desktop,Yes
23,24,5,477.4,Cart,Yes,Desktop,Yes
24,25,12,162.87,Review,Yes,Mobile,Yes
25,26,18,254.83,Review,Yes,Tablet,Yes
26,27,13,196.11,Payment,Yes,Mobile,Yes
27,28,11,140.37,Review,Yes,Desktop,Yes
28,29,25,152.53,Review,Yes,Desktop,No
29,30,29,192.42,Completed,No,Mobile,Yes
30,31,20,484.27,Completed,No,Mobile,No
31,32,22,173.21,Completed,No,Mobile,Yes
32,33,12,334.45,Completed,No,Tablet,Yes
33,34,15,75.47,Completed,No,Mobile,Yes
34,35,1,402.87,Completed,No,Tablet,No
35,36,20,115.95,Completed,No,Desktop,No
36,37,13,226.67,Review,Yes,Mobile,Yes
37,38,25,193.33,Completed,No,Desktop,No
38,39,1,386.44,Completed,No,Mobile,No
39,40,21,443.93,Completed,No,Tablet,Yes
40,41,23,83.62,Completed,No,Desktop,Yes
41,42,29,327.25,Payment,Yes,Desktop,Yes
42,43,1,429.48,Payment,Yes,Mobile,No
43,44,5,284.05,Review,Yes,Mobile,Yes
44,45,5,59.21,Cart,Yes,Mobile,Yes
45,46,4,450.21,Review,Yes,Tablet,No
46,47,4,184.29,Payment,Yes,Desktop,Yes
47,48,21,100.08,Payment,Yes,Desktop,Yes
48,49,25,215.15,Review,Yes,Tablet,No
49,50,8,172.12,Review,Yes,Desktop,Yes
50,51,7,201.04,Completed,No,Desktop,Yes
51,52,28,32.2,Cart,Yes,Tablet,No
52,53,3,284.53,Completed,No,Mobile,Yes
53,54,16,63.02,Completed,No,Mobile,Yes
54,55,28,136.01,Completed,No,Mobile,No
55,56,19,212.99,Completed,No,Tablet,Yes
56,57,1,347.45,Review,Yes,Mobile,Yes
57,58,20,175.42,Completed,No,Desktop,No
58,59,2,168.2,Shipping,Yes,Desktop,No
59,60,10,396.28,Completed,No,Desktop,Yes
60,61,24,70.4,Review,Yes,Mobile,Yes
61,62,1,227.0,Cart,Yes,Tablet,Yes
62,63,23,300.43,Payment,Yes,Mobile,No
63,64,8,345.13,Completed,No,Mobile,No
64,65,22,117.26,Completed,No,Desktop,No
65,66,1,223.06,Completed,No,Mobile,No
66,67,9,196.35,Completed,No,Desktop,No
67,68,2,176.75,Completed,No,Tablet,Yes
68,69,26,323.3,Completed,No,Tablet,Yes
69,70,27,357.64,Payment,Yes,Desktop,Yes
70,71,8,291.07,Completed,No,Desktop,Yes
71,72,15,256.41,Completed,No,Mobile,No
72,73,22,91.3,Review,Yes,Mobile,Yes
73,74,25,102.51,Completed,No,Tablet,Yes
74,75,11,297.43,Shipping,Yes,Mobile,No
75,76,6,278.37,Shipping,Yes,Desktop,Yes
76,77,14,50.17,Review,Yes,Mobile,No
77,78,8,144.78,Completed,No,Desktop,No
78,79,26,259.95,Completed,No,Mobile,No
79,80,8,182.93,Completed,No,Desktop,Yes
80,81,8,413.88,Completed,No,Tablet,No
81,82,7,96.95,Shipping,Yes,Tablet,Yes
82,83,10,496.24,Completed,No,Mobile,Yes
83,84,20,199.43,Completed,No,Tablet,Yes
84,85,3,41.57,Completed,No,Tablet,Yes
85,86,6,383.78,Shipping,Yes,Desktop,Yes
86,87,19,163.47,Review,Yes,Tablet,No
87,88,4,315.46,Review,Yes,Desktop,No
88,89,3,328.72,Review,Yes,Desktop,No
89,90,25,354.72,Shipping,Yes,Tablet,Yes
90,91,24,88.72,Completed,No,Desktop,Yes
91,92,24,126.64,Completed,No,Tablet,No
92,93,25,286.98,Completed,No,Tablet,No
93,94,8,332.42,Completed,No,Tablet,No
94,95,5,54.54,Payment,Yes,Tablet,No
95,96,7,380.58,Completed,No,Desktop,Yes
96,97,26,469.57,Review,Yes,Desktop,Yes
97,98,21,29.25,Completed,No,Tablet,No
98,99,21,480.13,Review,Yes,Desktop,No
99,100,15,298.75,Review,Yes,Mobile,Yes
100,101,7,322.93,Review,Yes,Mobile,Yes
101,102,27,324.76,Completed,No,Mobile,Yes
102,103,4,254.14,Completed,No,Tablet,No
103,104,7,49.53,Completed,No,Mobile,No
104,105,2,172.97,Completed,No,Tablet,Yes
105,106,10,43.72,Completed,No,Tablet,No
106,107,16,331.55,Completed,No,Desktop,No
107,108,26,173.22,Completed,No,Tablet,Yes
108,109,30,100.35,Shipping,Yes,Tablet,No
109,110,14,61.95,Completed,No,Tablet,No
110,111,4,340.36,Completed,No,Mobile,Yes
111,112,28,145.8,Completed,No,Desktop,Yes
112,113,4,288.19,Payment,Yes,Mobile,Yes
113,114,30,78.61,Completed,No,Desktop,Yes
114,115,24,143.29,Completed,No,Tablet,Yes
115,116,29,341.05,Completed,No,Mobile,No
116,117,26,294.05,Completed,No,Desktop,No
117,118,16,193.25,Completed,No,Tablet,Yes
118,119,8,232.8,Completed,No,Desktop,No
119,120,27,213.05,Completed,No,Mobile,Yes
120,121,23,216.22,Shipping,Yes,Desktop,Yes
121,122,16,398.94,Payment,Yes,Mobile,Yes
122,123,19,225.49,Payment,Yes,Desktop,No
123,124,23,456.08,Shipping,Yes,Tablet,No
124,125,26,67.4,Review,Yes,Mobile,No
125,126,8,354.63,Completed,No,Mobile,No
126,127,30,415.37,Shipping,Yes,Tablet,No
127,128,24,325.98,Cart,Yes,Mobile,Yes
128,129,5,180.92,Review,Yes,Desktop,No
129,130,29,304.79,Shipping,Yes,Tablet,No
130,131,6,339.33,Completed,No,Mobile,No
131,132,6,155.48,Completed,No,Mobile,Yes
132,133,3,475.52,Completed,No,Tablet,No
133,134,17,458.74,Completed,No,Desktop,No
134,135,19,475.34,Review,Yes,Mobile,Yes
135,136,20,243.05,Completed,No,Desktop,No
136,137,27,196.06,Review,Yes,Tablet,No
137,138,29,450.66,Payment,Yes,Tablet,Yes
138,139,17,215.38,Shipping,Yes,Tablet,No
139,140,27,494.77,Review,Yes,Desktop,No
140,141,29,152.04,Completed,No,Tablet,No
141,142,6,360.9,Payment,Yes,Mobile,Yes
142,143,21,71.41,Completed,No,Desktop,No
143,144,1,279.34,Completed,No,Mobile,Yes
144,145,20,204.33,Completed,No,Desktop,No
145,146,28,471.38,Completed,No,Desktop,No
146,147,25,473.29,Shipping,Yes,Mobile,No
147,148,4,183.56,Completed,No,Mobile,No
148,149,26,171.89,Review,Yes,Mobile,No
149,150,21,426.9,Shipping,Yes,Tablet,Yes
150,151,1,83.38,Completed,No,Desktop,No
151,152,9,211.41,Review,Yes,Tablet,No
152,153,27,86.98,Completed,No,Mobile,Yes
153,154,23,295.47,Completed,No,Desktop,No
154,155,3,184.54,Shipping,Yes,Mobile,No
155,156,18,374.45,Review,Yes,Mobile,No
156,157,17,144.32,Completed,No,Desktop,Yes
157,158,23,24.18,Completed,No,Mobile,No
158,159,8,235.16,Shipping,Yes,Mobile,No
159,160,6,357.43,Payment,Yes,Tablet,Yes
160,161,20,197.53,Payment,Yes,Mobile,No
161,162,5,309.92,Shipping,Yes,Mobile,No
162,163,17,362.77,Completed,No,Desktop,No
163,164,21,426.4,Shipping,Yes,Tablet,No
164,165,3,152.48,Review,Yes,Tablet,Yes
165,166,15,300.92,Shipping,Yes,Mobile,No
166,167,8,262.78,Payment,Yes,Mobile,No
167,168,15,102.41,Completed,No,Desktop,Yes
168,169,29,380.73,Completed,No,Desktop,Yes
169,170,23,199.6,Completed,No,Tablet,No
170,171,30,54.1,Review,Yes,Mobile,No
171,172,9,143.91,Cart,Yes,Mobile,No
172,173,15,326.04,Completed,No,Mobile,No
173,174,16,148.32,Completed,No,Desktop,Yes
174,175,22,272.9,Review,Yes,Mobile,No
175,176,16,58.55,Completed,No,Tablet,Yes
176,177,4,203.0,Payment,Yes,Desktop,Yes
177,178,27,345.53,Completed,No,Mobile,No
178,179,9,196.36,Completed,No,Mobile,Yes
179,180,23,329.84,Review,Yes,Desktop,No
180,181,12,459.47,Shipping,Yes,Tablet,Yes
181,182,12,162.24,Completed,No,Tablet,Yes
182,183,24,119.08,Payment,Yes,Tablet,No
183,184,24,144.68,Payment,Yes,Mobile,No
184,185,21,207.92,Completed,No,Desktop,No
185,186,5,30.41,Completed,No,Desktop,No
186,187,21,185.46,Completed,No,Tablet,No
187,188,14,465.63,Completed,No,Desktop,No
188,189,26,326.63,Completed,No,Desktop,No
189,190,21,414.96,Review,Yes,Desktop,No
190,191,20,48.46,Payment,Yes,Tablet,No
191,192,19,206.13,Shipping,Yes,Mobile,Yes
192,193,5,423.0,Completed,No,Desktop,No
193,194,4,123.45,Completed,No,Desktop,No
194,195,13,281.34,Review,Yes,Tablet,No
195,196,15,312.09,Completed,No,Desktop,Yes
196,197,3,251.38,Completed,No,Desktop,No
197,198,17,235.2,Completed,No,Mobile,No
198,199,25,321.68,Payment,Yes,Desktop,Yes
199,200,29,215.31,Payment,Yes,Mobile,Yes
200,201,2,367.51,Payment,Yes,Desktop,No
201,202,25,384.5,Completed,No,Tablet,No
202,203,13,495.4,Review,Yes,Tablet,Yes
203,204,17,246.6,Completed,No,Desktop,Yes
204,205,11,174.85,Review,Yes,Tablet,No
205,206,5,174.01,Review,Yes,Desktop,Yes
206,207,28,29.04,Payment,Yes,Tablet,No
207,208,22,328.28,Payment,Yes,Mobile,No
208,209,30,442.95,Completed,No,Mobile,Yes
209,210,27,112.3,Completed,No,Tablet,No
210,211,3,142.16,Completed,No,Tablet,No
211,212,13,463.14,Completed,No,Mobile,Yes
212,213,3,343.71,Payment,Yes,Mobile,No
213,214,9,259.57,Review,Yes,Tablet,Yes
214,215,6,133.02,Payment,Yes,Tablet,Yes
215,216,27,486.76,Payment,Yes,Mobile,Yes
216,217,29,227.83,Completed,No,Tablet,Yes
217,218,30,451.78,Completed,No,Tablet,No
218,219,16,136.38,Review,Yes,Mobile,No
219,220,26,59.51,Completed,No,Desktop,No
220,221,26,470.0,Review,Yes,Desktop,No
221,222,6,310.83,Completed,No,Desktop,Yes
222,223,20,130.74,Shipping,Yes,Desktop,No
223,224,2,423.13,Completed,No,Desktop,Yes
224,225,27,420.04,Payment,Yes,Tablet,No
225,226,2,191.58,Review,Yes,Tablet,Yes
226,227,30,76.86,Payment,Yes,Tablet,Yes
227,228,15,89.76,Completed,No,Desktop,Yes
228,229,26,39.38,Completed,No,Tablet,Yes
229,230,13,59.9,Completed,No,Mobile,No
230,231,1,455.84,Shipping,Yes,Tablet,No
231,232,6,194.9,Completed,No,Tablet,Yes
232,233,4,214.25,Completed,No,Tablet,No
233,234,24,302.5,Shipping,Yes,Desktop,Yes
234,235,20,200.15,Shipping,Yes,Desktop,Yes
235,236,21,224.17,Payment,Yes,Tablet,No
236,237,27,131.04,Review,Yes,Tablet,No
237,238,19,188.66,Review,Yes,Tablet,Yes
238,239,20,463.97,Completed,No,Desktop,No
239,240,11,403.88,Completed,No,Mobile,No
240,241,1,391.08,Payment,Yes,Desktop,No
241,242,21,485.19,Payment,Yes,Desktop,No
242,243,7,472.19,Payment,Yes,Tablet,No
243,244,10,142.68,Review,Yes,Tablet,Yes
244,245,28,78.49,Completed,No,Desktop,No
245,246,14,110.55,Review,Yes,Tablet,Yes
246,247,21,196.13,Completed,No,Tablet,No
247,248,2,465.49,Completed,No,Desktop,Yes
248,249,10,23.44,Cart,Yes,Mobile,Yes
249,250,14,403.47,Shipping,Yes,Mobile,Yes
250,251,5,191.42,Completed,No,Mobile,No
251,252,14,57.7,Completed,No,Tablet,No
252,253,21,191.87,Review,Yes,Desktop,Yes
253,254,10,186.13,Completed,No,Mobile,No
254,255,28,147.5,Payment,Yes,Tablet,Yes
255,256,16,202.02,Completed,No,Tablet,No
256,257,3,214.55,Payment,Yes,Tablet,No
257,258,16,227.99,Completed,No,Mobile,No
258,259,20,294.51,Review,Yes,Desktop,No
259,260,27,144.56,Payment,Yes,Tablet,No
260,261,10,424.01,Completed,No,Mobile,No
261,262,4,186.84,Completed,No,Mobile,Yes
262,263,16,189.57,Completed,No,Tablet,Yes
263,264,19,436.68,Cart,Yes,Mobile,Yes
264,265,27,128.74,Review,Yes,Mobile,No
265,266,30,91.42,Completed,No,Mobile,Yes
266,267,23,109.96,Completed,No,Tablet,Yes
267,268,13,221.12,Cart,Yes,Desktop,No
268,269,18,490.33,Cart,Yes,Mobile,No
269,270,3,150.9,Shipping,Yes,Tablet,Yes
270,271,18,72.61,Review,Yes,Desktop,Yes
271,272,25,353.0,Completed,No,Mobile,Yes
272,273,6,427.67,Completed,No,Desktop,No
273,274,16,55.71,Payment,Yes,Desktop,No
274,275,20,435.96,Review,Yes,Tablet,No
275,276,23,478.44,Completed,No,Tablet,Yes
276,277,2,98.63,Cart,Yes,Tablet,Yes
277,278,19,161.79,Completed,No,Desktop,No
278,279,27,300.59,Completed,No,Mobile,No
279,280,10,89.84,Review,Yes,Tablet,No
280,281,17,265.67,Completed,No,Tablet,No
281,282,7,445.44,Review,Yes,Tablet,No
282,283,3,342.24,Completed,No,Tablet,Yes
283,284,18,78.06,Completed,No,Tablet,Yes
284,285,24,342.26,Shipping,Yes,Mobile,Yes
285,286,20,389.36,Completed,No,Tablet,No
286,287,23,298.9,Completed,No,Mobile,Yes
287,288,18,344.38,Completed,No,Tablet,No
288,289,18,23.41,Review,Yes,Desktop,Yes
289,290,30,31.15,Shipping,Yes,Tablet,Yes
290,291,10,89.02,Completed,No,Tablet,Yes
291,292,4,118.11,Completed,No,Mobile,Yes
292,293,12,180.91,Completed,No,Desktop,No
293,294,4,395.82,Review,Yes,Desktop,No
294,295,23,316.33,Completed,No,Desktop,No
295,296,15,64.04,Review,Yes,Desktop,No
296,297,30,110.96,Completed,No,Desktop,Yes
297,298,20,209.98,Payment,Yes,Mobile,Yes
298,299,7,290.37,Completed,No,Mobile,No
299,300,14,483.14,Completed,No,Tablet,Yes
300,301,30,211.13,Completed,No,Mobile,Yes
301,302,6,474.11,Completed,No,Tablet,Yes
302,303,4,259.02,Payment,Yes,Mobile,No
303,304,22,415.93,Review,Yes,Mobile,Yes
304,305,4,256.69,Completed,No,Tablet,Yes
305,306,19,473.34,Completed,No,Tablet,Yes
306,307,21,186.95,Completed,No,Desktop,No
307,308,1,375.02,Completed,No,Tablet,Yes
308,309,21,459.12,Shipping,Yes,Desktop,No
309,310,15,318.6,Payment,Yes,Mobile,Yes
310,311,22,403.42,Shipping,Yes,Desktop,Yes
311,312,24,250.58,Review,Yes,Desktop,Yes
312,313,3,179.15,Completed,No,Desktop,Yes
313,314,1,463.01,Completed,No,Tablet,No
314,315,22,229.61,Completed,No,Mobile,Yes
315,316,30,69.85,Payment,Yes,Tablet,Yes
316,317,12,182.64,Completed,No,Tablet,No
317,318,13,249.33,Completed,No,Desktop,No
318,319,8,330.47,Payment,Yes,Mobile,Yes
319,320,8,162.26,Completed,No,Tablet,No
320,321,27,457.82,Shipping,Yes,Desktop,No
321,322,12,379.45,Cart,Yes,Desktop,Yes
322,323,11,367.97,Completed,No,Mobile,Yes
323,324,9,294.69,Shipping,Yes,Mobile,No
324,325,15,118.49,Payment,Yes,Desktop,No
325,326,6,308.79,Completed,No,Mobile,No
326,327,2,57.48,Completed,No,Mobile,No
327,328,27,67.23,Payment,Yes,Desktop,No
328,329,17,178.24,Completed,No,Tablet,No
329,330,19,230.61,Cart,Yes,Desktop,Yes
330,331,24,177.78,Shipping,Yes,Desktop,No
331,332,22,339.97,Review,Yes,Desktop,No
332,333,24,249.59,Completed,No,Mobile,No
333,334,1,229.38,Payment,Yes,Tablet,No
334,335,4,473.55,Completed,No,Mobile,No
335,336,25,209.64,Completed,No,Tablet,Yes
336,337,20,26.38,Completed,No,Desktop,Yes
337,338,3,490.15,Completed,No,Tablet,Yes
338,339,7,361.45,Review,Yes,Mobile,No
339,340,9,379.82,Completed,No,Desktop,Yes
340,341,12,265.11,Completed,No,Tablet,Yes
341,342,1,466.05,Review,Yes,Tablet,Yes
342,343,1,76.25,Cart,Yes,Mobile,No
343,344,9,429.65,Completed,No,Mobile,No
344,345,17,240.78,Completed,No,Tablet,No
345,346,1,127.68,Completed,No,Tablet,Yes
346,347,22,130.35,Completed,No,Tablet,No
347,348,29,236.4,Completed,No,Tablet,No
348,349,12,337.3,Shipping,Yes,Tablet,No
349,350,28,255.06,Completed,No,Mobile,Yes
350,351,14,62.15,Review,Yes,Mobile,No
351,352,22,162.28,Review,Yes,Tablet,Yes
352,353,1,346.08,Payment,Yes,Tablet,Yes
353,354,10,368.43,Completed,No,Desktop,Yes
354,355,5,408.89,Cart,Yes,Tablet,Yes
355,356,5,468.95,Review,Yes,Desktop,Yes
356,357,20,113.63,Shipping,Yes,Desktop,Yes
357,358,19,92.36,Payment,Yes,Tablet,Yes
358,359,30,321.61,Completed,No,Desktop,No
359,360,10,199.71,Completed,No,Tablet,Yes
360,361,22,88.06,Payment,Yes,Desktop,Yes
361,362,19,256.77,Review,Yes,Desktop,No
362,363,21,218.13,Cart,Yes,Desktop,No
363,364,20,296.22,Shipping,Yes,Desktop,No
364,365,26,177.7,Review,Yes,Mobile,No
365,366,23,281.01,Payment,Yes,Mobile,No
366,367,9,115.17,Review,Yes,Desktop,No
367,368,29,285.79,Shipping,Yes,Desktop,No
368,369,10,229.29,Completed,No,Mobile,Yes
369,370,3,212.15,Cart,Yes,Desktop,No
370,371,1,291.81,Completed,No,Mobile,No
371,372,22,372.51,Shipping,Yes,Desktop,No
372,373,1,399.89,Review,Yes,Desktop,Yes
373,374,27,324.09,Completed,No,Tablet,No
374,375,25,226.08,Shipping,Yes,Tablet,Yes
375,376,12,272.94,Shipping,Yes,Mobile,Yes
376,377,4,70.7,Completed,No,Tablet,No
377,378,4,396.04,Completed,No,Desktop,Yes
378,379,9,309.79,Cart,Yes,Tablet,Yes
379,380,11,215.68,Review,Yes,Desktop,No
380,381,25,70.83,Completed,No,Mobile,Yes
381,382,4,239.75,Completed,No,Mobile,No
382,383,14,52.31,Completed,No,Desktop,Yes
383,384,9,408.62,Cart,Yes,Tablet,No
384,385,15,125.35,Completed,No,Mobile,Yes
385,386,5,306.29,Payment,Yes,Desktop,No
386,387,2,309.78,Review,Yes,Tablet,Yes
387,388,19,303.32,Review,Yes,Tablet,No
388,389,10,489.39,Payment,Yes,Desktop,Yes
389,390,6,94.51,Payment,Yes,Mobile,No
390,391,25,290.75,Completed,No,Tablet,No
391,392,2,81.05,Review,Yes,Tablet,Yes
392,393,10,314.62,Completed,No,Desktop,Yes
393,394,24,257.75,Completed,No,Desktop,No
394,395,2,418.49,Completed,No,Mobile,Yes
395,396,17,248.17,Shipping,Yes,Desktop,No
396,397,21,95.49,Completed,No,Mobile,Yes
397,398,15,294.19,Payment,Yes,Desktop,Yes
398,399,1,156.26,Cart,Yes,Tablet,Yes
399,400,27,105.26,Completed,No,Desktop,No
400,401,21,254.92,Review,Yes,Tablet,Yes
401,402,28,165.81,Shipping,Yes,Desktop,No
402,403,14,491.4,Shipping,Yes,Tablet,No
403,404,12,41.28,Review,Yes,Desktop,Yes
404,405,3,257.41,Completed,No,Desktop,Yes
405,406,6,57.23,Completed,No,Desktop,Yes
406,407,5,60.38,Review,Yes,Tablet,No
407,408,28,131.02,Review,Yes,Tablet,Yes
408,409,25,219.59,Payment,Yes,Tablet,No
409,410,24,126.12,Completed,No,Mobile,No
410,411,12,107.87,Completed,No,Mobile,No
411,412,9,135.45,Completed,No,Desktop,No
412,413,22,271.59,Completed,No,Tablet,Yes
413,414,9,195.3,Completed,No,Tablet,Yes
414,415,4,71.82,Completed,No,Mobile,Yes
415,416,10,464.03,Review,Yes,Desktop,Yes
416,417,8,426.14,Completed,No,Tablet,Yes
417,418,24,324.25,Completed,No,Desktop,Yes
418,419,25,212.5,Completed,No,Tablet,Yes
419,420,16,434.95,Completed,No,Mobile,No
420,421,29,215.98,Completed,No,Desktop,No
421,422,26,263.42,Completed,No,Desktop,Yes
422,423,27,207.92,Review,Yes,Tablet,Yes
423,424,15,124.47,Shipping,Yes,Desktop,Yes
424,425,18,123.44,Payment,Yes,Mobile,No
425,426,2,391.14,Review,Yes,Desktop,Yes
426,427,7,150.43,Payment,Yes,Mobile,No
427,428,10,50.69,Review,Yes,Tablet,No
428,429,2,493.51,Review,Yes,Mobile,Yes
429,430,22,21.98,Completed,No,Desktop,No
430,431,29,235.27,Review,Yes,Tablet,No
431,432,13,123.16,Shipping,Yes,Desktop,No
432,433,7,117.7,Completed,No,Tablet,No
433,434,11,181.71,Completed,No,Tablet,No
434,435,6,332.61,Review,Yes,Desktop,Yes
435,436,14,342.07,Completed,No,Desktop,No
436,437,9,238.67,Review,Yes,Tablet,Yes
437,438,14,148.44,Payment,Yes,Desktop,No
438,439,29,235.73,Review,Yes,Mobile,No
439,440,23,119.79,Completed,No,Tablet,No
440,441,16,104.55,Review,Yes,Mobile,Yes
441,442,17,335.93,Completed,No,Desktop,Yes
442,443,24,305.14,Review,Yes,Tablet,Yes
443,444,23,466.05,Payment,Yes,Desktop,Yes
444,445,14,235.15,Completed,No,Tablet,No
445,446,28,186.71,Completed,No,Desktop,Yes
446,447,15,278.08,Payment,Yes,Tablet,No
447,448,13,204.9,Payment,Yes,Mobile,No
448,449,12,207.61,Payment,Yes,Mobile,No
449,450,27,423.77,Completed,No,Tablet,Yes
450,451,3,469.39,Review,Yes,Mobile,Yes
451,452,24,340.37,Completed,No,Mobile,No
452,453,7,153.46,Completed,No,Tablet,No
453,454,15,403.18,Payment,Yes,Tablet,Yes
454,455,22,145.36,Payment,Yes,Tablet,No
455,456,5,196.3,Completed,No,Desktop,Yes
456,457,12,58.81,Payment,Yes,Mobile,No
457,458,22,172.19,Completed,No,Mobile,No
458,459,22,142.61,Review,Yes,Desktop,Yes
459,460,8,293.45,Shipping,Yes,Mobile,No
460,461,21,385.09,Shipping,Yes,Tablet,Yes
461,462,5,54.82,Completed,No,Mobile,No
462,463,16,35.41,Shipping,Yes,Mobile,No
463,464,12,183.04,Completed,No,Mobile,No
464,465,15,384.74,Completed,No,Desktop,Yes
465,466,18,212.92,Payment,Yes,Desktop,No
466,467,25,116.11,Review,Yes,Mobile,Yes
467,468,10,238.71,Shipping,Yes,Tablet,Yes
468,469,17,128.18,Completed,No,Tablet,Yes
469,470,7,272.3,Review,Yes,Tablet,Yes
470,471,23,464.5,Payment,Yes,Tablet,No
471,472,28,395.65,Payment,Yes,Tablet,Yes
472,473,17,332.73,Review,Yes,Tablet,No
473,474,13,210.2,Payment,Yes,Mobile,No
474,475,1,384.89,Payment,Yes,Mobile,No
475,476,12,400.61,Review,Yes,Tablet,No
476,477,3,341.89,Completed,No,Desktop,No
477,478,14,459.75,Completed,No,Desktop,No
478,479,29,414.48,Completed,No,Desktop,Yes
479,480,8,321.65,Payment,Yes,Desktop,No
480,481,1,499.23,Review,Yes,Tablet,Yes
481,482,14,70.44,Payment,Yes,Desktop,No
482,483,23,396.05,Completed,No,Mobile,Yes
483,484,24,93.43,Review,Yes,Tablet,No
484,485,20,138.41,Completed,No,Desktop,No
485,486,5,95.91,Shipping,Yes,Mobile,Yes
486,487,29,236.8,Completed,No,Desktop,Yes
487,488,14,51.81,Review,Yes,Desktop,Yes
488,489,22,34.31,Payment,Yes,Tablet,Yes
489,490,13,108.54,Payment,Yes,Desktop,Yes
490,491,27,243.47,Review,Yes,Mobile,No
491,492,16,102.65,Completed,No,Mobile,No
492,493,25,496.22,Payment,Yes,Desktop,Yes
493,494,17,477.92,Completed,No,Tablet,Yes
494,495,26,76.05,Review,Yes,Desktop,No
495,496,26,490.43,Completed,No,Desktop,No
496,497,27,292.18,Completed,No,Mobile,No
497,498,7,427.26,Shipping,Yes,Desktop,Yes
498,499,5,450.75,Review,Yes,Tablet,Yes
499,500,16,264.85,Payment,Yes,Mobile,No
500,501,18,410.94,Completed,No,Tablet,Yes
501,502,9,162.76,Review,Yes,Mobile,Yes
502,503,1,329.64,Completed,No,Mobile,Yes
503,504,2,420.78,Completed,No,Tablet,Yes
504,505,10,492.47,Review,Yes,Desktop,No
505,506,4,79.23,Shipping,Yes,Desktop,No
506,507,22,484.58,Completed,No,Mobile,No
507,508,18,54.28,Cart,Yes,Desktop,No
508,509,10,424.75,Shipping,Yes,Mobile,Yes
509,510,29,204.75,Shipping,Yes,Mobile,No
510,511,11,200.4,Completed,No,Tablet,Yes
511,512,20,355.99,Review,Yes,Tablet,No
512,513,6,336.09,Completed,No,Mobile,Yes
513,514,28,427.05,Review,Yes,Desktop,No
514,515,28,180.68,Completed,No,Mobile,No
515,516,26,292.4,Completed,No,Desktop,Yes
516,517,16,294.26,Completed,No,Mobile,No
517,518,21,27.52,Shipping,Yes,Tablet,Yes
518,519,2,200.89,Completed,No,Mobile,Yes
519,520,8,313.69,Completed,No,Desktop,Yes
520,521,18,208.16,Review,Yes,Mobile,Yes
521,522,1,145.77,Review,Yes,Desktop,Yes
522,523,20,261.02,Completed,No,Desktop,Yes
523,524,15,112.8,Completed,No,Tablet,Yes
524,525,22,394.37,Completed,No,Desktop,No
525,526,11,37.71,Payment,Yes,Tablet,Yes
526,527,11,466.79,Completed,No,Mobile,No
527,528,14,364.73,Completed,No,Mobile,Yes
528,529,16,341.15,Review,Yes,Desktop,No
529,530,29,149.15,Completed,No,Desktop,Yes
530,531,19,152.17,Payment,Yes,Mobile,No
531,532,29,402.09,Completed,No,Desktop,No
532,533,28,415.07,Completed,No,Tablet,Yes
533,534,23,162.33,Completed,No,Desktop,No
534,535,28,361.85,Cart,Yes,Mobile,No
535,536,11,354.41,Review,Yes,Desktop,Yes
536,537,29,253.25,Completed,No,Tablet,No
537,538,22,419.63,Completed,No,Mobile,Yes
538,539,13,433.17,Shipping,Yes,Mobile,Yes
539,540,19,338.45,Review,Yes,Mobile,No
540,541,30,300.34,Review,Yes,Desktop,No
541,542,21,477.67,Payment,Yes,Mobile,No
542,543,20,412.27,Completed,No,Mobile,Yes
543,544,8,226.11,Completed,No,Tablet,Yes
544,545,9,321.84,Review,Yes,Desktop,Yes
545,546,25,104.61,Completed,No,Tablet,No
546,547,10,413.14,Shipping,Yes,Tablet,Yes
547,548,7,367.93,Completed,No,Mobile,No
548,549,9,82.87,Cart,Yes,Mobile,No
549,550,17,196.53,Completed,No,Tablet,Yes
550,551,17,112.55,Completed,No,Tablet,No
551,552,4,198.73,Review,Yes,Desktop,No
552,553,17,90.0,Shipping,Yes,Mobile,No
553,554,18,127.71,Cart,Yes,Mobile,No
554,555,7,117.4,Cart,Yes,Desktop,Yes
555,556,25,405.73,Completed,No,Mobile,Yes
556,557,24,429.77,Completed,No,Mobile,Yes
557,558,27,413.97,Completed,No,Mobile,Yes
558,559,25,98.84,Completed,No,Tablet,No
559,560,4,330.99,Shipping,Yes,Mobile,No
560,561,27,373.34,Completed,No,Tablet,Yes
561,562,2,351.01,Completed,No,Desktop,Yes
562,563,11,406.53,Completed,No,Desktop,No
563,564,30,186.42,Completed,No,Desktop,No
564,565,7,73.38,Payment,Yes,Desktop,No
565,566,13,456.91,Shipping,Yes,Desktop,Yes
566,567,5,33.02,Completed,No,Tablet,Yes
567,568,2,422.79,Completed,No,Tablet,Yes
568,569,21,183.11,Completed,No,Mobile,Yes
569,570,13,288.55,Payment,Yes,Tablet,No
570,571,8,112.03,Review,Yes,Desktop,Yes
571,572,21,262.87,Shipping,Yes,Desktop,No
572,573,28,413.04,Completed,No,Desktop,No
573,574,23,113.83,Shipping,Yes,Desktop,No
574,575,5,83.87,Completed,No,Mobile,No
575,576,17,262.09,Completed,No,Desktop,Yes
576,577,21,209.11,Shipping,Yes,Mobile,No
577,578,6,245.15,Review,Yes,Tablet,Yes
578,579,7,82.53,Completed,No,Mobile,Yes
579,580,22,433.57,Payment,Yes,Desktop,Yes
580,581,9,357.57,Completed,No,Desktop,Yes
581,582,2,472.63,Review,Yes,Mobile,Yes
582,583,18,329.74,Shipping,Yes,Desktop,No
583,584,20,301.01,Payment,Yes,Tablet,Yes
584,585,10,104.31,Review,Yes,Tablet,Yes
585,586,20,38.03,Review,Yes,Tablet,Yes
586,587,3,246.02,Completed,No,Desktop,Yes
587,588,7,29.73,Payment,Yes,Desktop,Yes
588,589,14,161.68,Completed,No,Desktop,Yes
589,590,22,132.83,Cart,Yes,Mobile,No
590,591,29,153.66,Cart,Yes,Mobile,No
591,592,20,460.78,Completed,No,Tablet,No
592,593,28,38.12,Completed,No,Mobile,Yes
593,594,11,40.37,Completed,No,Desktop,No
594,595,24,186.43,Completed,No,Desktop,Yes
595,596,5,308.19,Review,Yes,Desktop,Yes
596,597,17,48.9,Cart,Yes,Mobile,No
597,598,24,390.07,Completed,No,Desktop,No
598,599,7,57.34,Completed,No,Tablet,Yes
599,600,21,280.31,Completed,No,Tablet,No
600,601,2,224.05,Completed,No,Mobile,No
601,602,26,490.08,Completed,No,Desktop,Yes
602,603,2,340.96,Completed,No,Desktop,No
603,604,4,172.68,Completed,No,Mobile,Yes
604,605,4,361.09,Completed,No,Tablet,Yes
605,606,15,156.18,Completed,No,Tablet,Yes
606,607,2,172.04,Review,Yes,Desktop,Yes
607,608,20,473.92,Review,Yes,Tablet,No
608,609,5,370.53,Completed,No,Tablet,Yes
609,610,18,340.37,Review,Yes,Tablet,No
610,611,15,367.16,Review,Yes,Tablet,Yes
611,612,23,136.82,Completed,No,Mobile,Yes
612,613,21,341.3,Payment,Yes,Mobile,Yes
613,614,23,232.99,Completed,No,Tablet,No
614,615,19,174.6,Completed,No,Tablet,No
615,616,16,419.25,Completed,No,Tablet,No
616,617,28,66.23,Review,Yes,Tablet,Yes
617,618,21,141.62,Review,Yes,Tablet,Yes
618,619,28,335.35,Completed,No,Tablet,Yes
619,620,28,56.37,Completed,No,Desktop,No
620,621,24,497.25,Completed,No,Desktop,Yes
621,622,5,426.45,Completed,No,Tablet,Yes
622,623,17,215.43,Review,Yes,Tablet,Yes
623,624,3,394.65,Cart,Yes,Desktop,No
624,625,25,454.84,Review,Yes,Desktop,No
625,626,6,305.21,Review,Yes,Desktop,No
626,627,15,45.79,Review,Yes,Tablet,No
627,628,30,32.09,Review,Yes,Mobile,Yes
628,629,17,267.24,Completed,No,Mobile,No
629,630,11,120.1,Payment,Yes,Desktop,Yes
630,631,23,227.73,Payment,Yes,Mobile,Yes
631,632,12,230.96,Completed,No,Mobile,No
632,633,28,114.62,Completed,No,Mobile,No
633,634,24,62.76,Review,Yes,Mobile,No
634,635,1,474.16,Cart,Yes,Tablet,No
635,636,8,296.63,Cart,Yes,Tablet,Yes
636,637,25,88.12,Review,Yes,Mobile,Yes
637,638,25,292.1,Shipping,Yes,Tablet,No
638,639,13,418.09,Review,Yes,Tablet,Yes
639,640,13,63.92,Payment,Yes,Mobile,No
640,641,28,463.2,Review,Yes,Tablet,Yes
641,642,13,372.49,Completed,No,Desktop,No
642,643,24,369.41,Completed,No,Desktop,Yes
643,644,7,310.1,Shipping,Yes,Mobile,No
644,645,25,225.43,Payment,Yes,Mobile,No
645,646,6,397.98,Cart,Yes,Desktop,No
646,647,21,309.06,Review,Yes,Tablet,Yes
647,648,2,417.64,Completed,No,Desktop,No
648,649,17,96.19,Completed,No,Mobile,No
649,650,29,478.6,Review,Yes,Mobile,Yes
650,651,29,94.44,Completed,No,Desktop,Yes
651,652,22,494.45,Shipping,Yes,Desktop,Yes
652,653,26,316.36,Review,Yes,Mobile,Yes
653,654,14,209.72,Completed,No,Mobile,No
654,655,30,145.57,Completed,No,Desktop,Yes
655,656,28,62.15,Review,Yes,Mobile,No
656,657,11,31.99,Review,Yes,Mobile,No
657,658,19,430.4,Completed,No,Desktop,Yes
658,659,18,246.99,Review,Yes,Mobile,No
659,660,27,296.66,Completed,No,Tablet,No
660,661,24,57.54,Completed,No,Desktop,Yes
661,662,12,305.83,Shipping,Yes,Desktop,No
662,663,2,367.8,Payment,Yes,Mobile,No
663,664,21,209.58,Completed,No,Tablet,No
664,665,22,481.91,Completed,No,Desktop,Yes
665,666,14,109.13,Completed,No,Desktop,No
666,667,1,86.14,Completed,No,Desktop,No
667,668,13,306.23,Completed,No,Mobile,Yes
668,669,15,271.29,Completed,No,Desktop,Yes
669,670,11,242.19,Completed,No,Desktop,Yes
670,671,13,226.79,Completed,No,Mobile,No
671,672,12,359.08,Completed,No,Desktop,No
672,673,19,62.31,Cart,Yes,Tablet,Yes
673,674,27,112.07,Completed,No,Desktop,Yes
674,675,25,255.45,Payment,Yes,Desktop,Yes
675,676,19,69.27,Review,Yes,Mobile,No
676,677,29,52.69,Completed,No,Tablet,Yes
677,678,27,234.76,Completed,No,Mobile,Yes
678,679,20,59.68,Payment,Yes,Tablet,No
679,680,8,44.29,Payment,Yes,Tablet,Yes
680,681,24,412.45,Completed,No,Mobile,Yes
681,682,8,144.59,Completed,No,Mobile,No
682,683,14,374.82,Completed,No,Mobile,No
683,684,3,135.91,Payment,Yes,Mobile,Yes
684,685,28,78.41,Completed,No,Desktop,No
685,686,29,100.08,Completed,No,Desktop,No
686,687,10,167.71,Completed,No,Tablet,No
687,688,4,59.97,Completed,No,Desktop,No
688,689,25,114.82,Shipping,Yes,Mobile,Yes
689,690,30,53.07,Review,Yes,Mobile,Yes
690,691,27,181.85,Completed,No,Mobile,Yes
691,692,13,156.92,Payment,Yes,Mobile,No
692,693,4,105.18,Completed,No,Desktop,Yes
693,694,11,422.0,Cart,Yes,Tablet,No
694,695,13,343.26,Completed,No,Mobile,Yes
695,696,5,199.45,Completed,No,Mobile,Yes
696,697,10,461.33,Shipping,Yes,Desktop,No
697,698,30,35.87,Completed,No,Mobile,Yes
698,699,29,30.83,Shipping,Yes,Desktop,Yes
699,700,15,483.18,Completed,No,Desktop,Yes
700,701,15,413.54,Completed,No,Tablet,No
701,702,27,409.06,Cart,Yes,Mobile,No
702,703,30,493.15,Completed,No,Desktop,No
703,704,12,441.63,Completed,No,Desktop,No
704,705,6,370.81,Review,Yes,Desktop,Yes
705,706,27,451.25,Completed,No,Mobile,No
706,707,29,278.61,Completed,No,Desktop,No
707,708,10,42.15,Payment,Yes,Mobile,Yes
708,709,18,411.74,Review,Yes,Mobile,Yes
709,710,4,371.51,Completed,No,Mobile,No
710,711,6,202.6,Completed,No,Tablet,No
711,712,2,447.63,Shipping,Yes,Tablet,Yes
712,713,29,276.68,Cart,Yes,Mobile,Yes
713,714,17,182.95,Payment,Yes,Desktop,Yes
714,715,19,177.72,Review,Yes,Mobile,No
715,716,17,400.95,Shipping,Yes,Mobile,No
716,717,9,349.39,Payment,Yes,Mobile,Yes
717,718,10,397.85,Review,Yes,Tablet,Yes
718,719,30,138.85,Completed,No,Mobile,Yes
719,720,30,459.97,Completed,No,Desktop,Yes
720,721,3,117.21,Payment,Yes,Mobile,No
721,722,12,370.09,Review,Yes,Mobile,Yes
722,723,18,164.38,Payment,Yes,Mobile,No
723,724,26,495.47,Completed,No,Desktop,No
724,725,8,134.49,Completed,No,Tablet,Yes
725,726,13,351.2,Completed,No,Mobile,No
726,727,29,288.9,Review,Yes,Desktop,Yes
727,728,30,132.63,Completed,No,Desktop,No
728,729,29,237.66,Completed,No,Desktop,Yes
729,730,16,78.37,Completed,No,Desktop,Yes
730,731,17,236.51,Completed,No,Desktop,No
731,732,27,196.93,Completed,No,Tablet,No
732,733,8,382.48,Completed,No,Tablet,Yes
733,734,13,289.19,Completed,No,Mobile,Yes
734,735,17,231.29,Cart,Yes,Tablet,No
735,736,6,93.64,Payment,Yes,Mobile,No
736,737,26,122.69,Completed,No,Tablet,No
737,738,17,76.37,Review,Yes,Desktop,Yes
738,739,9,444.0,Payment,Yes,Mobile,No
739,740,24,178.35,Review,Yes,Tablet,No
740,741,26,461.86,Review,Yes,Desktop,No
741,742,17,274.63,Review,Yes,Tablet,No
742,743,1,433.74,Review,Yes,Desktop,No
743,744,22,75.03,Completed,No,Desktop,Yes
744,745,1,87.14,Completed,No,Mobile,Yes
745,746,19,485.49,Completed,No,Desktop,Yes
746,747,2,54.49,Completed,No,Desktop,No
747,748,23,167.86,Review,Yes,Mobile,No
748,749,27,414.0,Completed,No,Desktop,No
749,750,12,178.88,Completed,No,Mobile,No
750,751,3,248.11,Completed,No,Tablet,No
751,752,8,252.1,Completed,No,Mobile,Yes
752,753,11,367.27,Completed,No,Desktop,Yes
753,754,16,491.69,Payment,Yes,Tablet,No
754,755,2,377.15,Completed,No,Desktop,Yes
755,756,28,196.85,Completed,No,Tablet,Yes
756,757,4,479.96,Completed,No,Tablet,Yes
757,758,8,193.69,Completed,No,Mobile,Yes
758,759,1,261.07,Shipping,Yes,Desktop,No
759,760,21,104.59,Completed,No,Mobile,No
760,761,5,270.26,Completed,No,Desktop,Yes
761,762,3,28.56,Review,Yes,Mobile,Yes
762,763,27,131.16,Completed,No,Desktop,Yes
763,764,25,299.68,Completed,No,Tablet,Yes
764,765,9,59.99,Completed,No,Mobile,Yes
765,766,28,330.86,Review,Yes,Tablet,No
766,767,22,426.51,Completed,No,Desktop,No
767,768,30,144.0,Review,Yes,Mobile,Yes
768,769,4,282.03,Completed,No,Mobile,Yes
769,770,18,315.57,Payment,Yes,Desktop,Yes
770,771,10,26.23,Completed,No,Desktop,No
771,772,5,127.34,Payment,Yes,Desktop,Yes
772,773,16,235.4,Completed,No,Tablet,Yes
773,774,3,176.88,Completed,No,Mobile,No
774,775,22,148.8,Shipping,Yes,Mobile,No
775,776,9,161.97,Completed,No,Mobile,No
776,777,17,194.34,Payment,Yes,Mobile,Yes
777,778,3,419.8,Payment,Yes,Tablet,No
778,779,17,205.74,Review,Yes,Desktop,Yes
779,780,5,226.16,Payment,Yes,Desktop,No
780,781,19,469.95,Completed,No,Desktop,Yes
781,782,17,236.29,Payment,Yes,Mobile,No
782,783,28,445.62,Completed,No,Desktop,No
783,784,16,369.9,Review,Yes,Tablet,Yes
784,785,2,397.9,Completed,No,Tablet,No
785,786,8,264.4,Completed,No,Tablet,Yes
786,787,12,154.53,Payment,Yes,Desktop,No
787,788,28,61.44,Payment,Yes,Mobile,No
788,789,9,196.45,Review,Yes,Desktop,Yes
789,790,7,262.82,Completed,No,Mobile,Yes
790,791,22,483.66,Payment,Yes,Desktop,Yes
791,792,24,399.52,Review,Yes,Mobile,Yes
792,793,25,397.44,Completed,No,Mobile,Yes
793,794,18,478.33,Completed,No,Desktop,Yes
794,795,19,72.33,Completed,No,Tablet,Yes
795,796,1,339.86,Cart,Yes,Mobile,No
796,797,11,250.96,Completed,No,Tablet,Yes
797,798,1,416.03,Completed,No,Desktop,No
798,799,13,169.06,Completed,No,Desktop,Yes
799,800,28,36.24,Completed,No,Mobile,No
800,801,7,395.05,Review,Yes,Tablet,No
801,802,13,38.66,Review,Yes,Tablet,Yes
802,803,6,61.02,Completed,No,Desktop,Yes
803,804,8,352.56,Review,Yes,Tablet,Yes
804,805,11,57.57,Payment,Yes,Desktop,Yes
805,806,24,66.93,Completed,No,Tablet,No
806,807,7,32.39,Completed,No,Desktop,No
807,808,16,162.95,Payment,Yes,Tablet,No
808,809,14,23.53,Shipping,Yes,Desktop,No
809,810,6,320.58,Payment,Yes,Desktop,No
810,811,6,44.12,Completed,No,Mobile,Yes
811,812,4,384.08,Review,Yes,Desktop,Yes
812,813,15,234.07,Payment,Yes,Mobile,Yes
813,814,29,193.03,Completed,No,Mobile,No
814,815,10,93.13,Completed,No,Mobile,No
815,816,24,121.82,Completed,No,Mobile,Yes
816,817,13,188.54,Shipping,Yes,Tablet,No
817,818,22,104.97,Completed,No,Tablet,Yes
818,819,4,170.84,Payment,Yes,Mobile,Yes
819,820,6,62.37,Review,Yes,Mobile,Yes
820,821,8,73.66,Payment,Yes,Desktop,No
821,822,27,410.44,Completed,No,Desktop,No
822,823,12,438.14,Completed,No,Mobile,Yes
823,824,19,314.89,Completed,No,Desktop,No
824,825,5,264.43,Review,Yes,Desktop,No
825,826,8,259.61,Review,Yes,Tablet,No
826,827,15,349.68,Completed,No,Desktop,No
827,828,22,39.34,Completed,No,Tablet,No
828,829,14,39.09,Payment,Yes,Mobile,Yes
829,830,16,143.8,Completed,No,Tablet,Yes
830,831,10,32.73,Completed,No,Tablet,No
831,832,8,131.7,Shipping,Yes,Tablet,No
832,833,22,48.81,Completed,No,Tablet,No
833,834,29,192.25,Payment,Yes,Desktop,No
834,835,8,474.26,Completed,No,Tablet,No
835,836,22,351.67,Completed,No,Desktop,Yes
836,837,19,204.61,Cart,Yes,Desktop,Yes
837,838,27,55.96,Review,Yes,Desktop,No
838,839,14,215.08,Completed,No,Tablet,No
839,840,25,241.96,Completed,No,Desktop,Yes
840,841,28,329.56,Completed,No,Desktop,Yes
841,842,6,137.33,Review,Yes,Tablet,No
842,843,21,185.87,Completed,No,Desktop,Yes
843,844,26,247.53,Payment,Yes,Tablet,Yes
844,845,21,431.78,Shipping,Yes,Tablet,Yes
845,846,11,188.38,Completed,No,Mobile,No
846,847,24,359.24,Payment,Yes,Tablet,No
847,848,28,469.38,Review,Yes,Desktop,Yes
848,849,24,293.44,Completed,No,Tablet,No
849,850,27,342.47,Review,Yes,Mobile,No
850,851,30,175.17,Completed,No,Mobile,No
851,852,7,224.12,Payment,Yes,Tablet,No
852,853,12,174.85,Completed,No,Desktop,Yes
853,854,23,25.43,Completed,No,Desktop,Yes
854,855,4,309.62,Completed,No,Tablet,Yes
855,856,27,152.56,Shipping,Yes,Mobile,Yes
856,857,4,499.52,Completed,No,Mobile,Yes
857,858,5,48.37,Completed,No,Mobile,No
858,859,20,400.72,Completed,No,Tablet,No
859,860,25,345.44,Cart,Yes,Tablet,No
860,861,20,159.26,Shipping,Yes,Desktop,No
861,862,3,194.85,Completed,No,Tablet,Yes
862,863,14,193.5,Completed,No,Mobile,No
863,864,26,375.98,Review,Yes,Desktop,No
864,865,20,185.11,Review,Yes,Desktop,No
865,866,20,453.55,Completed,No,Mobile,No
866,867,11,495.91,Shipping,Yes,Mobile,Yes
867,868,14,314.79,Review,Yes,Mobile,Yes
868,869,27,260.26,Completed,No,Tablet,Yes
869,870,30,444.93,Review,Yes,Tablet,Yes
870,871,8,130.83,Review,Yes,Tablet,Yes
871,872,13,388.72,Completed,No,Desktop,Yes
872,873,6,386.49,Payment,Yes,Tablet,Yes
873,874,15,121.32,Completed,No,Tablet,No
874,875,25,482.78,Payment,Yes,Mobile,No
875,876,1,250.09,Completed,No,Mobile,No
876,877,8,301.03,Shipping,Yes,Mobile,Yes
877,878,14,162.05,Completed,No,Mobile,Yes
878,879,8,433.12,Shipping,Yes,Mobile,Yes
879,880,11,308.32,Completed,No,Mobile,No
880,881,25,404.54,Payment,Yes,Mobile,Yes
881,882,16,303.74,Payment,Yes,Desktop,No
882,883,15,377.35,Review,Yes,Tablet,No
883,884,13,89.01,Completed,No,Mobile,No
884,885,6,382.24,Completed,No,Desktop,Yes
885,886,9,415.58,Completed,No,Tablet,No
886,887,10,180.99,Shipping,Yes,Tablet,No
887,888,28,97.37,Completed,No,Desktop,Yes
888,889,24,266.08,Review,Yes,Tablet,No
889,890,24,258.34,Review,Yes,Mobile,Yes
890,891,24,167.12,Completed,No,Tablet,No
891,892,9,146.79,Completed,No,Tablet,Yes
892,893,24,158.72,Cart,Yes,Tablet,No
893,894,6,457.23,Completed,No,Mobile,No
894,895,3,287.3,Review,Yes,Mobile,No
895,896,5,170.21,Completed,No,Desktop,Yes
896,897,21,395.04,Payment,Yes,Desktop,No
897,898,23,86.27,Review,Yes,Tablet,No
898,899,6,404.11,Completed,No,Desktop,Yes
899,900,12,204.6,Completed,No,Mobile,Yes
900,901,13,411.79,Review,Yes,Tablet,No
901,902,24,322.57,Completed,No,Tablet,No
902,903,1,200.78,Review,Yes,Desktop,No
903,904,28,181.98,Shipping,Yes,Desktop,No
904,905,22,258.04,Shipping,Yes,Tablet,No
905,906,4,305.8,Payment,Yes,Desktop,Yes
906,907,16,494.97,Completed,No,Tablet,No
907,908,3,328.26,Review,Yes,Mobile,No
908,909,28,358.56,Review,Yes,Tablet,Yes
909,910,20,181.12,Review,Yes,Tablet,Yes
910,911,13,452.48,Shipping,Yes,Desktop,Yes
911,912,10,214.71,Completed,No,Mobile,Yes
912,913,6,355.94,Completed,No,Tablet,Yes
913,914,13,280.31,Completed,No,Mobile,No
914,915,7,493.44,Completed,No,Tablet,No
915,916,13,392.23,Review,Yes,Mobile,Yes
916,917,9,225.92,Completed,No,Desktop,No
917,918,10,429.52,Cart,Yes,Mobile,Yes
918,919,1,116.23,Completed,No,Tablet,No
919,920,4,468.92,Payment,Yes,Mobile,Yes
920,921,28,271.81,Completed,No,Desktop,Yes
921,922,25,133.3,Completed,No,Desktop,No
922,923,6,87.59,Completed,No,Tablet,Yes
923,924,5,199.52,Cart,Yes,Mobile,Yes
924,925,7,358.74,Review,Yes,Desktop,No
925,926,6,156.76,Completed,No,Desktop,Yes
926,927,21,272.15,Completed,No,Mobile,Yes
927,928,19,332.07,Completed,No,Tablet,Yes
928,929,7,44.99,Completed,No,Tablet,Yes
929,930,1,336.53,Payment,Yes,Desktop,Yes
930,931,28,322.25,Payment,Yes,Desktop,Yes
931,932,11,414.55,Completed,No,Desktop,No
932,933,7,342.09,Completed,No,Desktop,Yes
933,934,7,89.02,Completed,No,Tablet,No
934,935,15,366.93,Completed,No,Mobile,No
935,936,27,125.98,Completed,No,Desktop,No
936,937,6,326.03,Completed,No,Desktop,Yes
937,938,23,81.91,Payment,Yes,Mobile,No
938,939,23,414.73,Review,Yes,Desktop,No
939,940,23,428.18,Review,Yes,Desktop,Yes
940,941,30,386.92,Review,Yes,Desktop,No
941,942,29,367.39,Shipping,Yes,Mobile,No
942,943,10,173.17,Completed,No,Tablet,Yes
943,944,16,371.4,Shipping,Yes,Tablet,No
944,945,2,436.03,Completed,No,Mobile,Yes
945,946,23,21.49,Completed,No,Tablet,No
946,947,20,483.25,Completed,No,Desktop,No
947,948,26,434.64,Completed,No,Desktop,No
948,949,12,85.88,Completed,No,Tablet,No
949,950,22,262.26,Payment,Yes,Desktop,Yes
950,951,17,56.09,Completed,No,Mobile,Yes
951,952,17,71.04,Completed,No,Mobile,Yes
952,953,14,140.41,Completed,No,Tablet,No
953,954,4,461.28,Review,Yes,Mobile,Yes
954,955,10,151.35,Shipping,Yes,Desktop,Yes
955,956,16,381.99,Completed,No,Desktop,No
956,957,12,261.36,Payment,Yes,Desktop,Yes
957,958,25,292.85,Completed,No,Mobile,Yes
958,959,17,95.42,Completed,No,Desktop,No
959,960,20,264.37,Payment,Yes,Mobile,Yes
960,961,15,388.71,Completed,No,Tablet,Yes
961,962,10,159.62,Completed,No,Desktop,Yes
962,963,9,222.05,Review,Yes,Desktop,No
963,964,9,375.99,Cart,Yes,Mobile,Yes
964,965,16,55.1,Completed,No,Tablet,Yes
965,966,21,483.33,Completed,No,Desktop,Yes
966,967,8,477.27,Completed,No,Mobile,Yes
967,968,21,27.02,Review,Yes,Tablet,No
968,969,30,148.98,Payment,Yes,Tablet,No
969,970,27,316.72,Completed,No,Mobile,No
970,971,23,37.81,Completed,No,Mobile,Yes
971,972,30,157.88,Completed,No,Tablet,Yes
972,973,8,260.65,Shipping,Yes,Desktop,No
973,974,16,362.19,Completed,No,Mobile,No
974,975,6,111.38,Review,Yes,Tablet,No
975,976,22,463.38,Completed,No,Desktop,Yes
976,977,30,70.58,Cart,Yes,Mobile,Yes
977,978,16,495.27,Cart,Yes,Desktop,No
978,979,30,295.0,Cart,Yes,Mobile,No
979,980,15,34.24,Completed,No,Mobile,Yes
980,981,3,440.07,Completed,No,Desktop,No
981,982,1,164.34,Completed,No,Mobile,No
982,983,17,192.4,Review,Yes,Tablet,Yes
983,984,1,146.29,Completed,No,Tablet,No
984,985,26,88.02,Payment,Yes,Desktop,Yes
985,986,17,246.55,Completed,No,Desktop,Yes
986,987,14,482.07,Review,Yes,Tablet,No
987,988,9,197.44,Completed,No,Desktop,No
988,989,9,483.46,Review,Yes,Mobile,Yes
989,990,16,79.71,Review,Yes,Tablet,Yes
990,991,17,43.62,Payment,Yes,Tablet,No
991,992,17,268.26,Completed,No,Mobile,No
992,993,12,70.15,Completed,No,Mobile,Yes
993,994,22,112.88,Review,Yes,Desktop,Yes
994,995,26,346.97,Review,Yes,Mobile,No
995,996,5,185.25,Cart,Yes,Desktop,Yes
996,997,15,164.0,Shipping,Yes,Tablet,No
997,998,16,454.39,Review,Yes,Desktop,No
998,999,5,164.16,Completed,No,Tablet,Yes
999,1000,14,319.34,Payment,Yes,Tablet,No
